client_id,,probability
002218c52073faaf23bb26df2cffb138,0,0.8776112
0069d4050c7aeb341317e2e125e8fd2e,0,0.6732745
0083fb89aea18c408a5534cdd38d7692,0,0.26507735
014021fa559786c81e9e1d48d378aabb,0,0.8226354
01759f92152bbb3de79f9493a4a5cd6d,0,0.806247
019b5770a0126c8e9653024d90c24a47,0,0.034035455
01cdd2938bb35672179f413d33eff98c,0,0.6894487
01d3775fb2681e22e24e2824207ff773,0,0.19647022
0232d0facd3282f8317b16a1fa7a332f,0,0.50939196
0238142546a9e0b4ef8a14b769a3780b,0,0.4755304
0255393cde0896506f6e9f43c13218de,0,0.18023735
026568b7a3cd99d2aaab3597911253a9,0,0.4502021
02c38e5b3990448f6f1febd6185255ec,0,0.026232947
035f8387d2dea7bda47401725835d896,0,0.7147847
038506db89c32294c008fae5c1df4e22,0,0.61074054
03eb714e5f1783667ce3d442661b2229,0,0.47078684
03efb0f0c95daa0b02cabf04679088a4,0,0.6716557
0433dca07ab24e4637ae6e2623743fa7,0,0.15920834
04c612cce1088d68cdc96b7daddfde8b,0,0.69142455
04e889ad08182788e9aa9a24781cfcc3,0,0.016508896
04f8166edf36837eed65872549e34276,0,0.3038754
053e23227360c3dc193644ab67649479,0,0.8932535
056ffeb0a7354fc63466fde5bd97bc53,0,0.9365506
06fbfdd5130e86ba92dc8227c9ab576f,0,0.64558285
0708aafb59be1c5883f828d93c3d4554,0,0.102122895
07133675964764ae7b4e3bab62775fff,0,0.64789486
07e030daed7a613f440d1b063a267355,0,0.080661625
07fe858d26127b0050538f98f555d151,0,0.525099
081cac1126d838e9451ae8e38ef0838c,0,0.7804041
088304f0972a4118cdb8e54a59054d52,0,0.9076255
090d8a7ec72583bd43d2d4708ba8f3dd,0,0.98411924
09101afc651d96df1772d9d7b08cba2a,0,0.5287341
095c222474bfafda68236758964916a4,0,0.6753006
09f496253c803fb33d4fa167c7f16b50,0,0.88542587
0a42d72d5f8e633bce3ad88283e35b32,0,0.19809715
0ac0c7fa0e14e7c7827ef1818ae2ca66,0,0.26051307
0adbac13d3e75dccbea5ff1c03a0afe5,0,0.99107075
0ae081b41c51d1780f252a11fcb14e83,0,0.010338691
0af41dd557bf452cbdc9b8ff81bd7230,0,0.34198782
0b7ef654415c3835a7f46c45537da5d6,0,0.09272588
0c60effea5218f9676283ad9062ad6c5,0,0.14362562
0c73c310fa2f1b5279f20c5300f2b925,0,0.25523353
0c90c478230fcb43ea7492c9f604c1b5,0,0.050211158
0d11f81b16275479b3745c41e5817431,0,0.442967
0d771c2e252240c59858f288fff87907,0,0.7314972
0d7c26c7028463f9d8a039c432265a98,0,0.55742836
0d90133f20d690f9dcceef85c545a743,0,0.011213383
0ddf9a8778d93b887117be12ab67f71f,0,0.20634227
0e3849ad5378657bbea97057b6cbdca6,0,0.80366325
0e463cde765c6226d417f78e05e10c4f,0,0.77600974
0ef1908e7689a3783e650d320b3de76d,0,0.07940236
0f5c62682963a712c12ae4e4c23d6e63,0,0.13431638
0f82dcefeed6e30f0a382f66b7db88c7,0,0.66897136
0f970f7a111d92e82e153ccef9d56eb9,0,0.22317703
0fad4cc0bad65ff0394a4e20bb8e2b27,0,0.76400346
0ff0fe649132037f6f5bdcb4084dc154,0,0.287543
103d968a05e81dc8150b525e31da4035,0,0.7355336
10c378ecadfdab85149fbffcf2202db9,0,0.09122605
10d96802d37bd222b0cdfc269cb5da76,0,0.40654007
110c752138e8039d919bc4733be894fb,0,0.6484628
11656f3e839565bb7daff8469fbdd4a3,0,0.1676985
11f1ffb065a96bd210cfc755bfddfbff,0,0.60830754
1207e6d84c6785af3022c1523af76ac0,0,0.381214
1230f8a4d34bf55cabebcfa4107a587f,0,0.14509715
12362c05404834dc4c6c1cb1cb4c2cd0,0,0.33030695
123cc9e6e6034c8f42430a27fedb4d5c,0,0.3726275
128e431eb623724242a4678a341ee302,0,0.20828156
13189a768f328bf7e036c764fe9e54b6,0,0.099645
137b88ab97a3fa80ebb42bfd306a8965,0,0.104022786
138a2aff06b5ab333a900e33a7a1f10b,0,0.35921958
1460dcbded1a7662ae3dfc75303b61c2,0,0.52164775
146a361db097b387400fcfb81b61ab64,0,0.09756298
147741a0811c674e0fb00808d52b2695,0,0.7839574
14b92a7ee75652db14eaba2c7a40a369,0,0.068226896
14c6a248c4b72c2621fb7809d73094e4,0,0.766069
1561e4d7adf51abaaa7100d91b91fced,0,0.2862837
1566036a98f21f80c822bd19423a869a,0,0.55145144
157e2f0667575192b526fa8feca3a779,0,0.010854242
159f787755ab1b81316770c2c32919ad,0,0.60146606
1643bc583f09e71bf8237a0cbadf7039,0,0.24781239
16574417ec891339c88a983bbddfdec0,0,0.7392167
16bedb0b451744a9e6c465afaf9ab943,0,0.27394795
16d5f5a5bbb104c224577a4d75689f06,0,0.61827374
16d8766aaff61ee9e7ac9f386db8e0fc,0,0.03693388
175fc778b2dc434b73beb4bf3651d092,0,0.18774916
177377c1f9da61c18e2979dba631d8f9,0,0.9755633
17863265e795a5ccf1e4ce9d861159db,0,0.9689603
1799ca9b2f5f2b03d1e9cf059b2b1219,0,0.55275744
17b4358c1ed345d881649d350e0dabc7,0,0.79632026
17bd8e0911569eb27ab1fe592b5918be,0,0.399485
1844a5a6507015f4fc3078f21dee0dbe,0,0.69044346
1856e422d692d04c44f3c2d9ea762a4b,0,0.2772539
187bb017d01a9a125d58da76ec1d24b0,0,0.54523724
187f1e3180a43c0806cae12ef28a2def,0,0.43943745
18c89d23036cc2241467e6aa801d4532,0,0.22487275
18cb4fb294aed3e2f70b3c05b34a1630,0,0.2516814
1938b7cb85bfd2c01f953294576d1e33,0,0.9769719
19aa61630f46c329d58a94d7ec811220,0,0.31174493
19ce9160bf70256800fa532ad4e73ce4,0,0.7132738
19dd141c21029cdfeda7622031fbe7c8,0,0.81374294
1a97b95b5fd2159a3c114dbcf8453a07,0,0.55283153
1aa2a36ff817401289914a5fe43afd47,0,0.36722177
1b4ef2b51648d4e2e260a846ef266e4b,0,0.16625042
1b8ae0a863c5eadc6e0c13dae558f169,0,0.75644135
1b95cf714be0647767080354fd7cf079,0,0.21288337
1c07ac7cf4c7a8f539d4cf68d5b794b8,0,0.8892411
1c3126f37ea188db88033f24244311ba,0,0.91064525
1c799cff9ded67facac26128d5afceae,0,0.0108847255
1c8a551fba8087ef64c678982913f551,0,0.4306743
1cad119091fd09fb7d7d0acdb7a2d616,0,0.91268593
1d100219fc467704e2b0f684c753a1dc,0,0.31748065
1dce9638fca8cc53b41900c4edf9131f,0,0.25726777
1dd1efe731c0f72fba9b0c73f3e77add,0,0.9237135
1dd8a76776b6cf303e97ac86f12c1400,0,0.8403113
1e8e7c03fc1d96703c750443494b287a,0,0.28668845
1eade58e33d74fd59c9ce2460c4f171c,0,0.4203441
1f4ef956c6822a878e572a2376fcb5d9,0,0.06814869
1f5115773f578bb4056b973e6e7a0593,0,0.8044494
1f5c9f01df235cf2a0115bf4f42454b4,0,0.057636473
1f82c805464a70e324a8dcdc684d5409,0,0.2876078
1f8512a3ca5c9f863a9171cf04ff0a6e,0,0.45580763
1fc85c262cbef9068fe27db0f5675e8d,0,0.9471536
208cf9c933c3e20749fae623309b6549,0,0.2580844
20dfeed7bcee88775061df639c060983,0,0.9377921
2179e54dc1d8e2dd6d80714280aadbbb,0,0.8438033
21b02ad331a533c590294fa2a06eae95,0,0.8368631
21b6e367d4a73d07b54eb2e7f844d036,0,0.42077592
21f43770a63dfede36ca2d328b8de888,0,0.9653876
2267a21affb9653362e70c1bbeaabd19,0,0.022538869
22752e0cdf783fbc0a12893a83eb9025,0,0.98467124
22fd18b812fa4cb5d53879c1541bfcf3,0,0.26881343
230d3dea0b56f1ec1b4fe03d421865af,0,0.74632907
23550db55b90443a3f30a9111b6996ce,0,0.61782235
23b9f4703e8904f0dfb5d05dba11d798,0,0.22129299
242fbba9c28a9a14135970d5a7c0fe6e,0,0.8149929
24a63dfd4e20dad30f2b3bc047eefaf7,0,0.04910935
24e025cbc49a7a26d9e29f0592b8095a,0,0.5815548
251431637700df09154c635ad1c00d24,0,0.6883392
26288a7e4c578dd9f8a559282e389eb5,0,0.1310587
26aa002f6899db01456a195784a5b6f7,0,0.0118479105
26d7c634d050159934bc818c9330d88d,0,0.074155085
26edfc476a4caaae1baecf051eb1b432,0,0.96219826
270c750e77ba71f1893119dddf3888a1,0,0.44699916
274ad6dda7f11e219e2593ef1b0013c5,0,0.91762805
290c3bb9c2c709d41ebe5cb8bc278048,0,0.70198214
29b1499fa9d6d3c06e9e3f6c4ceaf42a,0,0.021580534
29bac96a98fb97e4925bcc4273a36a4c,0,0.4826156
2a037a158776e67ba33d93b64e76fcb1,0,0.41996464
2b265f10df352b6f590ab4ea856fd5fc,0,0.38018495
2b5a39d27e8808931217fac9a96eae0d,0,0.6777326
2beaf3b86f3ef8883c393a45c076a1a1,0,0.114198565
2c137d748e2e4032bbe00344828558a2,0,0.0927177
2c5443f55ad82fc02c09020d77568a87,0,0.92481565
2c84951cecc8d6575f2c09bd63c6b53a,0,0.07227957
2ca96420038aea24a51db460cbc9bd99,0,0.493936
2ceedfb41d51a8524eb67e5c510a0d52,0,0.09072947
2cf58cd255048aa5ad65e4f44d791a40,0,0.9112347
2d4858133dbd7db0b65ee0721dbd67cb,0,0.05087248
2d6fb4f18e3c641d9b3924daebb3acaf,0,0.31981218
2dcf0ec41e2a4ccc20143b0e36bae5c0,0,0.64717084
2ddabe3c67faf556bdb652470196ce94,0,0.07892713
2f0b3371d81381994cae1699c067c3c5,0,0.69589436
2f3af495b54b52cc96343205c17f27d9,0,0.43931568
2f751954898db113373a5f2e96d8c310,0,0.13802041
2f7d48d6c25e1a4f4c4976a03cd880cb,0,0.27851528
302da6b2274fdc2690372b681c1fbd5f,0,0.42102152
305375e6f475d6297361d06880e05108,0,0.5758429
30543381520323b653d076ef51dbf4af,0,0.85601026
30669b7b5ff4ac087947fe3de9eb7df7,0,0.19411178
30e067538b20832bd6cadc8fa28452cb,0,0.007684913
31807d345d4dfd01c9a0d638386fc295,0,0.545857
31f8b256aa6bd7a3cf18afbb9ef73246,0,0.93096465
3237ecd3f59e48ee45432c0c840417fc,0,0.8101489
32e387b6e006f0d936591de8ce4cea55,0,0.13062418
32e3ead87b2eb9729db830c23eb4116d,0,0.15564977
32e9b61fce2917ed59cf09b27a2c2d0a,0,0.18032956
32f14f792d60a5bbae5ebd47f4ceeefc,0,0.16687079
348b1fe222c97db91c783c7f3c4db6b1,0,0.045036223
34c9e0979febb586556b5614b556f84c,0,0.44545197
34d771cbf883643f0e1d892ccbed5e12,0,0.668658
34e57f708aa52f25fae1725bbede6a7e,0,0.08314376
35c63610a18fd9479f097e06a8556479,0,0.867695
3646571bcdb5ddf2da1cdc6943d274f4,0,0.013619997
36a4d92ad6a87dd1aa3abfeb3c6315be,0,0.054288372
36f2b6ea13d76183ba8200d89cce6e1a,0,0.27794045
36fdcd374dccba314e184d1bc8285250,0,0.2242192
37979462eee882f4bc2ba207a48c9c3f,0,0.79612195
37a0f6933f49c1202d0233aa18d7e683,0,0.04256921
37a9b22b0aedaedc75cf78836aadfb07,0,0.24114709
386a59c5046d3cc8075b29defdf2e1de,0,0.03838755
3885c19a0259e0e20b76e4a6d809acc9,0,0.9664425
38a67fccffc6ce108838088cd5ab9013,0,0.6634978
3944973a39836d907307aa2fb01a51af,0,0.39650658
39d01adc67e524f67fb7f924feca408d,0,0.5290251
3c0d5858ab1fbb9c0f8e9b410d2331a5,0,0.3049823
3c21c6c9522551c56dd82b78d14ce2ee,0,0.99306583
3cb90aa725875abcb13e5472623c49d6,0,0.020961916
3cc9a5a997c89e08609e34f7c2b26960,0,0.26783803
3cfef297ec35f7e70942e2659d80f8c2,0,0.866572
3d0e7ab3d27e0f6be2a3b009b1267194,0,0.53082424
3dd138364dd2b78c698fc9c0317e4d8d,0,0.3122337
3dda2aad75f4aa22b61c1e7e0c7affa6,0,0.6262456
3e306994a0cfc39e703418c69eaee8b2,0,0.9622614
3e456492ddea48232cd921fee013e927,0,0.32053664
3e97d93d93bb3fd3af8a1cf775bfc987,0,0.50532204
3ebe899afd3146152854c84bae426812,0,0.009467688
3f11d9f0411c143e8272b3d6a1bc0a49,0,0.70594305
3fb8f08fc12d0d53191cc35f543ad1ff,0,0.927836
3fd7bdf33dff977192232420c26a02e8,0,0.41629407
402346432985ad3f02dc0558d7825712,0,0.009085922
40833f7d72d1a499565a247e031a4625,0,0.2635934
4085c0895aeecbbc349aeea0f2013101,0,0.81875813
41146ce831aa7fb0eb11c5d056f4486a,0,0.02488245
41499f4b1ac4b4c92f972e976f667996,0,0.7507634
419e3c44513404f90c27fc9b2dc97af5,0,0.8069955
41a72c0c63cb24d78b2710193edf31d6,0,0.47810295
41aff7e3dbfa6893e3ab70049373e89f,0,0.95002264
41f3902c8d140e0b25e5935a5d82f6ab,0,0.78581315
4205bbd2fa65b4ae88e6d086e979c183,0,0.06442708
4253d34ad88210746dbde20a5f709d53,0,0.97552776
42a91e77e9dca2a3dfaf9acaf41af913,0,0.5555648
42bc7e3300fb3ad7a6c2ac09674076db,0,0.62382513
43510a0facd1f0653838f6cad04608f6,0,0.06441396
43c2ea3482544a4f64d158546862bccf,0,0.12261861
4450f274c72cd90b32565738c64cdc1e,0,0.7490072
447f896dc49eb7deafa2c8388886427b,0,0.97055197
4483f33e920f45bf3a30f6f0d0e2e534,0,0.70271015
448f15a0f9ff955a77a7d61d9d9a489b,0,0.8520647
449813ff3f5a8a8d9fbc3fc03edce90b,0,0.73458505
44a6dae928705cbbdd82a4ebae6c115e,0,0.082626976
44c46e9eafc561d6eba535b2fb33321d,0,0.16176257
454cded3cf3ec24ad48c31d1c04d3f37,0,0.057090104
462b7062cc829bc9e360fb2286433184,0,0.0711512
465b996d74e05ff8b2af624eba356cc4,0,0.20650618
46c32c6818464df1ae4b91ada410b007,0,0.13467412
4750af83b1a42e3f45892a3029753c28,0,0.9602306
4763700551016248d5c65a222980f181,0,0.14789164
47c43e83cfe626d622098b18b27239e3,0,0.8205856
481630dc224a210e3255afbbdaa34f79,0,0.82123864
481a6c3d720cc98cd9d187e1a0706329,0,0.29211813
4832ccb027149290f5dea864aa3866f2,0,0.31967434
48b5a7e91ed9fef6c51cb5c547abb5ee,0,0.9955059
49711c35baedac3dc87cb5629b55ea94,0,0.043109678
49a4319a96205bdd1519f1d7fbdf0890,0,0.6646184
4a97c6b93ad707718599d7ea64de0e25,0,0.9789104
4afd1e7ea3bc30a7fc1d9668d0969830,0,0.24832973
4b04cf6af4125eff5915a120e026e6c9,0,0.15460218
4c48add89ccec103c006d17ea3282178,0,0.0011063473
4ceb1bbf445940b4681cd752d9d35ed9,0,0.4902447
4d22f73f3f300b546464f4f34f655d74,0,0.4380207
4d52521f797dab274f6a539d9de02cc2,0,0.52094835
4d61ba8cf5711f11fd5e260e8965a9d6,0,0.30094492
4d86a284e904ac842c3e71d5855e71f0,0,0.23463798
4e11672ac33b14847b9aa65cc56e4709,0,0.13825794
4e63e0405272dacd06a4fcba28283b0f,0,0.08817298
4e6450befb6da6474f12ad4f3433a826,0,0.96118265
4e731341bedfdd8a9509204b25ea4108,0,0.2318122
4ec7c9161cf6ff9f53f7c3648f540d7f,0,0.42355704
4f8f898cd55e81ba277819f37504d7a3,0,0.97609216
4fa5f58b3500ecd2070fbea1c0b2a58b,0,0.0911737
50c2d61003cc32819eb6bf4d822af546,0,0.6983079
515401fef3b2674821f0acee58b5b2e6,0,0.06615691
5168fa0ec6923163feb59dffa6b9774b,0,0.24552232
51ca84230ef2d5af22004305ab549098,0,0.9082499
526273e0d93cb99922905da6e439d8a3,0,0.40381888
5288839aa656ea5ab27f9b110ff6e201,0,0.75728166
533c25b4b650071653565a49ffccc479,0,0.09004286
5460691182979ac0d2fb763363419535,0,0.9850072
54f6566a84d182c59ef3928c6b1c5d90,0,0.17172639
555a4963db813dd7b0b8d70562754a58,0,0.4210781
558faee7406823dee81392599f9e0fb1,0,0.84926444
56157a892db8ab471761e8d063eb3f71,0,0.98422885
5698a25223537fbd57aea98736696234,0,0.97271854
56cdbec413064c1c275fde7f6edee5a7,0,0.67245626
56e83cac646c000bcae2a306f47f5fce,0,0.015702765
56e8be18f76089c398021ed3f34962d3,0,0.2321779
5701fe145b67fe2f53aa9bfc971dd96d,0,0.41345
575ed23d5b4cbe1d708acd549d0e57e8,0,0.8587115
57a13ba881a745a2afab860dfa78948f,0,0.31235325
57d1e82b7c39c1272541f9ec9b759f35,0,0.09172337
58337f92fbf9838df45ed893e1e82a89,0,0.6109577
5846cd3fa2e61812ce42e85cca80d188,0,0.17746451
585ee41f0581dc94a719e7556523bd42,0,0.15303248
586f502860f9c96ca4d463d0b0f047ce,0,0.012212607
58e158e8ffba45551e45ae5761be7241,0,0.19190554
592f66930c8afd85f73a563740736afc,0,0.63853043
59365781c9a6fa2ebc63e601149e11eb,0,0.39757448
593fbcd6606c9d045e6deb658b181bb2,0,0.067113675
594d1f361e44474328a8cd1f40ccdbfd,0,0.97713226
5963661ff1393bc7823726039e056c4b,0,0.002961453
5a3558dba9e01e49607776ee6d9e1c5f,0,0.30991435
5a3b86b47829977f56e419b4745c1898,0,0.72054905
5a5ae67416bd80efe5370bf897bea58e,0,0.8922632
5ad05c06ba8584797f59fa7752580449,0,0.015055563
5adc8c3d1f637d168f54f126baf72819,0,0.9201538
5ae53506303065cd6ea270af103d3cfd,0,0.90851474
5b15ea3985c0893c8fe28f9526f5f1a3,0,0.3022774
5b4b5573bfa6f8f8083c2ebe63fb2ca8,0,0.93908584
5b5e1c307f44d5a19324250e427b4193,0,0.6092473
5b5f4597b5004b98139b9422235ccb58,0,0.20384991
5be2314f09f8f6299127d9d4e003c0d0,0,0.6550981
5cb635594dc2e5fc21b3875f798983a7,0,0.078245535
5db0669e462366d6e5f7c2b8c5253914,0,0.31543967
5eebb793c5a8498c13681d9d1574e377,0,0.57167083
5f023a881fd144851163b6e5842ef182,0,0.2850261
5f3d906cc4ff5ee0effcbda4f9925575,0,0.9335101
5f4244638a3d052c59df2ae5334a6305,0,0.9076419
5f56d6576783220d6dd7f224e54d794f,0,0.66805416
5fa5d246e3c2692eecf47b75615c60c2,0,0.009780652
609ca9518531577cdceebaac072bf409,0,0.77626276
60c5dbe49dd37add2df45b4164c25ebe,0,0.32884932
613bdfa010b57b39741096aae8d98b76,0,0.59791374
6250bfd8538bff3f835cb1e3c9a35f71,0,0.3980933
6284b2cb0c2364a2e4ddc3dcf6c2156a,0,0.20231307
6382e7eab0656891cd576702a9a45446,0,0.5401105
63cc54897eae0bd56396bb3df6513c4f,0,0.860609
63d0e6f690c386895d4e08fe5d0e688f,0,0.021844324
641064c94be67dcc507f03aba388a872,0,0.20979738
641be7d65a4a865faaa155429ea80c3c,0,0.0244178
644d761632e7fb4339d61f554c119bc1,0,0.041659642
6460db5f998f39be8610aafdc9aa8f55,0,0.15534832
64ee202c4fd9b204ede4d2bcf8ee3999,0,0.8418648
64f2e4c12f16620c7c59fbb38f191982,0,0.0034493934
64f4f7dad42c28513f7ba28fa60e97e8,0,0.03589272
655d3710c5bf14e5dd2db18f3ea3157d,0,0.18600199
6599b53b685c9f316e60a6fcfeaf3a18,0,0.036109917
65d6e3e70dcc36f59fd36b764a737662,0,0.4934163
65d9b0d4d8ce5681f920abe9024fb754,0,0.67705536
6602b3e1b9f0e28a2f6149debb476f05,0,0.46363902
6618134ff921dc9ee4c8843103890044,0,0.91437155
663a854d19b834b0f618f9efae0f6b66,0,0.809387
663d83eec687ea12ba470a4b9170469f,0,0.045646142
664c13a1d033d4968421c8d789a51491,0,0.10628799
66c2bfc7172a54c85b34adca78fd00c9,0,0.5718686
66dab4749cc357d828629d84620423e5,0,0.4599751
66e041602746a244d8198905e7f01daf,0,0.22234045
672de9e5c61b18c3f33259e0fe94102f,0,0.31061614
672eb8181dbbe6721b9dcb9822a0d95a,0,0.30730104
674b73d663145b78ddfe9f92752d6b7c,0,0.877572
67acc203cdcfef90a14369c4d4b3587d,0,0.17274718
67b307744c628eeee0d08eff93d71bd6,0,0.4961026
6804c1e9e4c8b11bae3bd82bee764052,0,0.63883173
68134213e5d9c154bfa17ebc82f98319,0,0.658018
6849213c7a47bcdbe2b733721692a014,0,0.6837308
6899424d5d9c65aaa2d57fc74e2e644a,0,0.22320276
68c7fcdbdbf9abb3c061ae754939f645,0,0.16371323
691babba2be2e16a5ff2fae539081df7,0,0.90911365
692a33fd43ff64e75261f8b8afebccb3,0,0.6637767
6953fe819b99c13aac443292a4d220e7,0,0.6971258
6a2b5e932faa624943b702f9b9c1837e,0,0.33312446
6a46a93abc2f9bc085124f41839ccd04,0,0.07532569
6a5f3a79413ef7c127495525752faf3a,0,0.8442359
6ab72b4de20634e66fb35281c01d419f,0,0.4552703
6b1bf5dcb20f33efb520178a29577477,0,0.43566072
6b20ec4a0b7010ae1deb1c72b7506e7e,0,0.15869552
6b4fce7677d731a405460fc9a7438311,0,0.34733483
6bde4b706fa5028be4810b1ed22a571d,0,0.02321798
6c6dbeb09c4c705d0fd26d4fb4afd5a3,0,0.4267831
6c740b616fabb5f11efa388431ca58ed,0,0.36207336
6c7f123d86783792cfb2a889618cfeb9,0,0.12672481
6ca0d9136c759cb1dbb5d4ecac758871,0,0.1355107
6cd7c62ee9d81f8521476edc422e1641,0,0.81697154
6d229e22deff9a29582e7567e54265c5,0,0.46550316
6d607bd8cc87c5ab45b61d5485b79601,0,0.7815986
6d97a8226bf92a20b10fffbdf1dd91b2,0,0.075083
6db0c4375fc6a0f097212ce7da23142b,0,0.48053285
6e809e8160c3f02036cc49203e6ed1d0,0,0.8628805
6ecdbf55810a3d5bbb2ba94cf4e136a7,0,0.25872082
6f452dd2295a030e9b56666034f8235e,0,0.2305036
6f8d54fad6cc449765fa68fe2d583145,0,0.019515626
6f8e218adcbb4b5138367f1766425a4d,0,0.2887423
6fa14adcc0851731095ac8cfa3224c9a,0,0.07515564
6fd55370fafb8f31240e4b798cb2abf3,0,0.58191615
6fddab9c2cfb764dadf1783834f7fd83,0,0.06673529
70571faa93cac34c80e485b452d3f98f,0,0.93181443
705c767dbe2af26139ce5cd73fc96210,0,0.9488131
71552240dd63b2a4b5e3fe5613a2c1e2,0,0.317543
715fc7d6dd153dbae39599128c9e40d8,0,0.8700207
718dda00c6923f01b6d2e7b74d4a292c,0,0.8106459
7273cabbf6890cc9692f1537734783e3,0,0.9718402
7289dc50fc510efc9ca2788c3277601e,0,0.34468877
72d1b09b27378be8fad5623a682a0b2f,0,0.98747057
7308c625050427d3af4b837f1b58be63,0,0.19286299
732d972fb071453c17cd817b295cca70,0,0.32306406
736581d94bd8726073ea5d856c4b3a60,0,0.65658647
73b55cec5dec2566fdfe110f311668ca,0,0.2619142
73c30d3c73e54ecac2b9e5239a888065,0,0.37413734
73de62db161edc620fbb94fa0c08a2e9,0,0.34880063
7412517ca11f3eb1ad457072e1ac1412,0,0.40864646
743688b62e8c2c87adf16c80f50b663b,0,0.9128276
756a71cb14c23dbc29b7ed8397dc036b,0,0.14139579
7596b152495a3cb24eea282bae111941,0,0.982498
75e18e39f0e650ec9a981b9fb52454a1,0,0.04510221
75ef4ee394f14cb5631015861f54410b,0,0.41078573
7619dd10025707aae83d464883ccbe26,0,0.079425834
7687c82e2bddcf70574cc37dde6a4106,0,0.8087909
76dcda12f59def30c67c0779220750f8,0,0.9395736
76e5f7be481920e62278dc9e63d78238,0,0.29332554
76fc88d6d91e94390d282ca6a33ca725,0,0.60754645
7803c681704a0bc142b334097a2604b5,0,0.8624829
78ae79a364bc5f7cfc7122a25c346045,0,0.9122524
799326670ee9b3cce2af53170662831e,0,0.07326429
79d83fa87570c84a4b5f153e68be1fe5,0,0.56876236
7a0b3086e56530bb1b3c008b5e7b4879,0,0.39393383
7a1964d4f78aa6f839ceffdc2725970a,0,0.0018508257
7a2fca05e21c7067b00fe8ee8df0353a,0,0.20131543
7a67392b97d01aec1ae0cb9246ab1081,0,0.00952644
7a713c2abfbb034ab342578a6fac58ae,0,0.28461334
7a7e2edb67860307da9cc1c0b9facbda,0,0.8951713
7addb407d2a9de91e5d41bbb0adbc407,0,0.19172636
7b355f484172ada698cba0bd697e4ef6,0,0.950938
7bb3ba41cc3e3077c70f8f270423804c,0,0.14103545
7c4f87a44bcf11b1250e8fa0546af712,0,0.8416966
7c689d697071fc2375b30191c886367c,0,0.91825074
7cb47bf9d071733c36df63f87c3a98a5,0,0.86541116
7d5abbe8c74a8779ba490399fdb94f89,0,0.36630744
7dfcfa431a7f0a5a7f116b0d783ffc5d,0,0.8406539
7e42f11b24fb144f2bd1a6051aa0f127,0,0.99455845
7e517b50e499036daa01f0e66aa7fdf6,0,0.4185858
7eb45a6e9c25d1300d366eb2919b138b,0,0.587311
7ecf8655a4f330b51d137c5dad3a301e,0,0.46469185
7fc1e49afda89c62daab7d2616bd6b1e,0,0.55217665
7fdb78c8b989ee58ddbbf7b7f9159535,0,0.43078423
7ffed26d33ff4a0f4120a65ce57eed35,0,0.05443258
801584afe2a7edb4dc3fe855152bd98c,0,0.6619608
80202c047a1251c6cc7c1358981d3c26,0,0.9697628
80fca37516210b545dff029f55bc47d3,0,0.042894267
814394434605611feebd6f37b58a8344,0,0.5431715
81a9716a3457d8216658a78216ad24d1,0,0.3478327
81edc07b1a0b6a7472516b023abcdce0,0,0.72768
81fb810af6ac679fd6a12b890ce23660,0,0.08363007
824d31ea57a62f3a4b9de664ec7305f0,0,0.475842
82dcabaa51b72ccdf28c4cb216ab549f,0,0.46838355
83439e543c516cc4d2d65b50b0cda7f2,0,0.94621825
83936d83e3c286ea302fb39929dcbd0b,0,0.14312954
850477a463787800b03280bd98b46ea1,0,0.53527665
8507da0222d614f01c45a10d33ed5758,0,0.81112754
858542b4506ea28fbf1cc1dab3dbbfab,0,0.1712197
85d4eb5dedf3e1e9c55656ed75fc7289,0,0.87191087
86204b5b515f0150d6ce480e6fb0ccf7,0,0.22668679
866a6716d2d45badb26cff60ad3108d5,0,0.97767615
86854e1f3afe2e7247bf8498f3273a97,0,0.051613025
86bcdf69708c75c5711eee5c09479377,0,0.9866975
877101bb1328eee1806d591dee1e137b,0,0.48141044
877afd262bb3b279b41807a90a8842cc,0,0.8815064
87aac7cf27feeb5b8f97cee4b34ea959,0,0.040257283
884356881727a5434cdf9862ae9359a1,0,0.8613404
887b4a482f565dc8fb621be04c666d1b,0,0.46152845
88edbb01433dfc9ca6d5d6d4ad2283ea,0,0.67839175
88fd8f699c9478da15c98cb6f0629488,0,0.59709454
8975a9a4838dc8fb262061acaabc6948,0,0.18514115
898cb404ddf4b1a674cd4d0152310ffb,0,0.6951885
899e34beeb868fb3324c7526d9e3aa94,0,0.3481092
89a70264917728778fd9373f9233692e,0,0.16626135
89df1810e24ff2153ea422d00929831b,0,0.45488793
8a732805d3b49d15ee8fe04f711309d5,0,0.8314434
8ae4b48aa88b79ac0878bd6d224b3029,0,0.33757305
8b2f00cad1ee31a8d1055696b5f66250,0,0.94355875
8bd1a7cceb9293a6b548ec9533fdfdb5,0,0.28930685
8bdb73aa66fa091bbac5b7dc811dbbda,0,0.24186353
8c3190e864e1322def1cbc5da02452f1,0,0.34419835
8c3d44a23bd4475f200446e02a931eb3,0,0.84741104
8cb6157e6f0c0279dddc779c7a258d91,0,0.044865422
8ccc0b00d112390769594df3a8f277f7,0,0.42429742
8d06a3d8f4a0ed34dd4e05817f319bbd,0,0.5526234
8d78276ef7d41163c1f78a7bf30b6cc1,0,0.09648072
8d80491ed954c955ee4dd122934f2303,0,0.5417148
8dcd9bd1f339e7c9e8225820695b9912,0,0.41477397
8de9b781ae9232ea0aa6ae3af732d5db,0,0.0050670393
8e29ba1ca01f44cbbddcd8624f6432df,0,0.6005918
8e7e058b5b89040b57aa48198ce5486a,0,0.23140155
8eb4c5711c335f9a8bdea472660faa75,0,0.024186157
8eec8734cd98dfe6c23d30701da2dcdd,0,0.45565864
8ef66a1cd54d592b2927373818a44c73,0,0.90389615
8f31d36ed8797b7db637b6ef2ef47e2a,0,0.114951745
8f5522c3ff8462655486698c4cc449ed,0,0.56582785
8f8cbfc41992a5d3b6857d829217e408,0,0.45836273
8fe0ad209da47d271981f3fee0cb1b6f,0,0.6912989
8ffa819e28333261e67161c43e076721,0,0.5565421
9083721835938c77ca3cc7055b420d5c,0,0.61525697
9088d7ce9232add54364e5620696c757,0,0.8089183
90bd3f3d45d0155f1d166002987f5b90,0,0.6099543
90c9b3f4be613c39a5f1feeeeed7f9e6,0,0.19343762
90e391b8672a7e706ee822687d0eaf54,0,0.28212073
918f473893bb0cad92c576fbb0d69987,0,0.7529059
91ff03bc840fe7cd3ce803f98f25a7dd,0,0.313596
92131faf8ff9aa6efb7a911072e4e961,0,0.6302431
9216f8882cd1ea2d77198a8e7e8f6c5f,0,0.18155414
9228a784fc57def569a3aef2048872e4,0,0.7216103
92bbdffd70dce42171530e228f67e6f6,0,0.5091584
92e957ccbdb765653194e1b82f9a1dc1,0,0.66715914
92ea676de035f02eab2f6a9c7595f670,0,0.1121006
93109b14bd27fd9b92b1f57b51f7b70b,0,0.92939895
934c0a5b384a45667929ae5eb19be8b0,0,0.6460326
94191c7606347a496020867dd9e25c64,0,0.019386588
9423d7fcdb3a842e5cbc9575b9c895ae,0,0.046141602
94723ac8417cef6e7331140b5baa5d81,0,0.5076211
947913ba3f5f459a5b5d243374d0b4e8,0,0.0562967
94ce6927f305049250499d8c90150379,0,0.3403072
94de531116d8ca5dfbe2a83a396db6b9,0,0.37960133
955c4c8db0685dc0e1e7353c62c31451,0,0.12677486
96606febeda00077a63295e50b69e18c,0,0.58093995
97144e8da0abdeb5776d41af922f1076,0,0.84128857
97c628a164f281c185805c2c2fbb210e,0,0.37238494
9843314a890cf2c290899f686c2948aa,0,0.89654946
9882b95ebce98b7972c4eed69e125ac5,0,0.0077152876
98b630756cf37b76566aba86a0843fb5,0,0.01690804
98be29be38f40b95f7610c9d0b994d92,0,0.56005585
991d09b09e0f03bbc0231621e177a2aa,0,0.79936475
992cd6d98a2dece5926b7edb9a7fb86f,0,0.21215026
996bb88df3324c05d18294be715071ba,0,0.8704514
99a2f58358f6c2c8d2bb23dd919ba21d,0,0.12748416
99bc423bc16753e19e67b4a1ae11ff3e,0,0.17935011
99bf7b71ef7a34621320261ede8a4dbc,0,0.5407787
99fc754912650d03059242b7478f18d8,0,0.98353195
9a1f4b0b6b9c0be6c3d273af03dc57de,0,0.098967545
9a79641e9c3e424f9d2b26827e3577f7,0,0.8300631
9ac04764c208cb8d78fdaf5491ee7b65,0,0.45535663
9b18268be66ea560f20891efc27a70cf,0,0.5755671
9b249bb0edaeb53e999fd83aa1bedf0b,0,0.03692491
9c2c0d1dd1fd70fba560c4df9382d29a,0,0.03181765
9ca2f5f63cd20eaa5017974a949b760f,0,0.0938837
9ca939881801b6f47dfd295d276c1671,0,0.002514082
9d5fb2c68bf39cbffbd7cbad0708d939,0,0.058766734
9d6e8dcce60c1da3e575ee1946719b24,0,0.910944
9d802dcfafd485564dd56d15a7df47d0,0,0.13686147
9f05fc89a487bafefa57a2b7f25bcbcc,0,0.3774722
9f07a4f802502987f2d7e79ccfb48fac,0,0.4801186
9f0e63bbd1efa1727703e7bfd6d437b6,0,0.010570753
9f77e22d29934bb1f84f665c8029f298,0,0.30504027
9fa543ea170a7581d54b46f3cadec4d6,0,0.5897143
9fe2a27526dfd3f133b0384a87254376,0,0.048697777
a0f59549961faea0e48bc0337406aa08,0,0.5325557
a1088cb31f063e68d9486e9fa562a162,0,0.9060871
a2225945e0dd394c4b4469c52715ad3d,0,0.23013948
a24e90345152db1c5e68a0d081a42ac3,0,0.08248932
a2e0778098fc2e8aea61e7f7d86c651b,0,0.9862152
a2fba5f921c868356b9a6f43615c83eb,0,0.024378398
a34a28e51c063fc6c670bfaf9e346c56,0,0.04921436
a3853a82f348307b9e4d50ecd2aaac9f,0,0.0013305562
a41d41df84ff234f81bfe5c33ee2287f,0,0.9870411
a5157102ca302b8d7bd7c0c10f57af4f,0,0.76077217
a52c0b84587e486de78e5c0793e5aac9,0,0.386493
a54930bfcaf3b0c62e57a2fd5a0f221e,0,0.9241824
a57e8fcd1976e4a47a637ae0a23e86e5,0,0.49472928
a5997c311d26b8b9bc463ebc53a4e857,0,0.06934674
a61249495da236228550898062ababc2,0,0.22352731
a6283d0965744425baa060d830a441d6,0,0.4024597
a643ac78887011efaf5f3a32ccdab6db,0,0.91528296
a752412982dcc2339abdc12f8bedb29f,0,0.7856333
a7764f29065838b57e15d8bbc16934c4,0,0.9061686
a795563dd3222f022f4482ab69614fe2,0,0.24687532
a79d235177f2b6f6eeb18bb2ee92c3b3,0,0.36019126
a83cffe088d09bc185e2e5b2c8fd3791,0,0.7680167
a8a2b5dcd3f3931a0130264a628ae398,0,0.32614198
a9aeb72f145de0fa9d690863a29efe9c,0,0.23634706
aa45686833f5c3dc73f7ff1dfdf19587,0,0.8056217
aa5dc9ee527be49f07f2c00c0fba47fe,0,0.40107986
aa90f7101715768e9ffe4f6454f37cf5,0,0.7154144
aa9252d2b26afd2331e1bfcddc4b9a20,0,0.12358794
aab572265e384b16a933c8b901f0f76e,0,0.008210719
ab2dd67afd9d5646af35e80f3cf9ad23,0,0.4428471
ac198360a4d46d4349ee20aa0e1b62af,0,0.6225541
ac281592786482d46846c68b5914e0ed,0,0.034855187
ac44f0f16b5c07da36321f0a81ce3759,0,0.17910357
ac7cf84dc251717ab7cceda3de250fc8,0,0.67063725
ac82a7aeabbefc3ed9b13b290e955925,0,0.23480059
ac85cf7ddf00a22912abe27d6958c3af,0,0.48232418
acc84032917861532e2de29f482e9aa4,0,0.023317462
acfb1fd97b5b36e564aed73ff5690a40,0,0.021426285
ad23d05929724dc671ba38db39af3a6c,0,0.054553036
ad5a7c45ac53546879b41376052fbfdc,0,0.66657066
adab01d6865023df8b516944db62473e,0,0.4827997
adb3df35d4be759adc4fd4191698a049,0,0.7857854
adcc9b0da31923388f5281be44b2e38d,0,0.5383297
ade222920063e34aab9064a9d2ef6dde,0,0.81106824
ae44ec530302f887bc5a084897e997a0,0,0.032740597
ae566d65c97780aa89dac453b19fd893,0,0.84903264
ae5983aa1c7cccfef69678d53d1dffd7,0,0.010268878
aea98c0a2d07f10f90884fc4bc6c26a0,0,0.27336398
afdbf79b56a5c462e64392e2e0714cd8,0,0.9144813
b04c2b2816df378b0d599e1b9836d527,0,0.74937737
b07e5edf2ea48d9c54424f8fc432d102,0,0.4257909
b082104563ec2c9f839de7da02a1defb,0,0.06140288
b146c69f804df8a83dd46d13a49dab21,0,0.27309364
b1874ed0b1af6313846ac86802e858e0,0,0.8350783
b2727f4d040074c9ee9e8154ab3950df,0,0.07547724
b27dc6dc1eb4e6430be6d39e40241233,0,0.087867476
b2f210cb171e425463e57981f15086b3,0,0.05466199
b315d9f730d59b1608411cd9c1e9486d,0,0.3753583
b3539346119c37dc699079a9bf80bc51,0,0.062669344
b369800c606a3c62d53c0aa5edb286fc,0,0.31257
b36e3323279db077b7f8b5dfe0088397,0,0.014337893
b3d24a79473d8786becbcb7c4adce6bc,0,0.25098753
b58d76184f8ad23bb3df64be043f9218,0,0.42899185
b5fc380541c3930afaf98f5d8ea10865,0,0.9534235
b643520f7228224654499eb949e69429,0,0.17339844
b66d8795082300ad68545d0eb3cfa221,0,0.7589661
b68f51c1588aa80726282637d285f2ed,0,0.7783057
b6ac068fcee90782ff0213a9cf4fa8f4,0,0.19435972
b6c55644d63a94795ece78ba2ba85d47,0,0.51586014
b6e9b699603cfcf7e98468d9b2c0f615,0,0.92880416
b7e7cfa300582655019b6db08975c693,0,0.85662585
b7f171eaf9dc1f0f8c681c30951518a4,0,0.31974602
b882f075946d773a435e7498696f5cf4,0,0.5528793
b884647d2eb19f8c494d04ff978e4697,0,0.24651113
b8d674d491366ffe75bb10ccf7f370c6,0,0.21495496
b8f665c8f495f299059c20b4dd3ac2d1,0,0.967841
b90dc8125702aba82d9137bf3c2bf377,0,0.012367291
b948738d336d9db9f94f39c9a3c5f877,0,0.070206046
b9666bfe3c0b74603e2f030fed7519de,0,0.29666528
b97fd531fc7522b00e72532d8fa9f38d,0,0.021712288
b9a260e8f02f4538a0430d333085401a,0,0.3196624
b9ceebb101fddaeb9a937923f1580428,0,0.7290723
ba10015e28038da87ab3ceae2f959704,0,0.06989494
ba60ca6f0b9093a5570317505d896df3,0,0.24566895
ba6aa99a225e802b42073c24f4878b88,0,0.344653
ba96b405a7a429c03cf7906ffb29b0ed,0,0.24062149
bae6e9a45e7df6aeb7e8a87b8760ae92,0,0.124053046
baea87752af872174964dd3473d38526,0,0.21915953
bb0550c15a1e0cb3e6cf6aab0969d2b7,0,0.05691361
bb0b1ade310d72103d513a0c89393d89,0,0.17931089
bb6fdb24c079cbea0c077df5ee3d5341,0,0.5052322
bba08350e4aa3cc619caad4cae1d63eb,0,0.9487988
bccded16bc6879d2729722aa8925d98c,0,0.0437929
bd693005ec5471f88426c0bdaabbd427,0,0.74387866
bd6b40c3fae25f93646e1c5fff550bfd,0,0.041427776
bd787a2f7be1caa5bdb4c27662da99ef,0,0.8148988
be4c0b63aa5e96df822d00d41d778d87,0,0.63987905
be7ef53cdf081151204121ae1d248431,0,0.9358054
bf2521857410ea74062dab71063413af,0,0.7590603
bf29ffddb2fafaff913a3cb79d027e3e,0,0.842577
bf6f6f29e6d8b1e3bf773f405c64eb54,0,0.021856977
bfa5da8cab8a2258412c38d00ff0a595,0,0.07455201
bfc5d09b4971ac506ece7b4670d6bf65,0,0.016953317
bffd6cb498f85c0554c677c3086b3611,0,0.25045028
c0034a28c4c0fe84c36f477086d4740a,0,0.32521603
c0eba9612d0d533dea64ec895ffb2480,0,0.38143504
c0f9c5ca802a3ed926642dfdd06e027c,0,0.88708395
c103aa92f8c8f4babfff703dbed40172,0,0.17512791
c147a9cd79679e1cf8597dc6f9e72567,0,0.7529086
c159f0bca7df9f6dd58ef2ecf7c93791,0,0.98201156
c1a4076674a957eaa3caddff7bbe5b7a,0,0.72483647
c1f224087a8dfe9c59f02d5857145359,0,0.051289666
c20371cb1683ff049f277439b4aafb28,0,0.1275408
c26531a240709f992f8131e4584b3170,0,0.79446286
c2b11a9e21236ea3b200c4b98c7e7524,0,0.19246462
c2c0ccc732f261297cbd0fd29407a2d3,0,0.7354434
c3718badd2812d3833e4b8981d0d1e1b,0,0.9895515
c372ee85b4be348075575059c82be034,0,0.52815986
c3ea1c9614d17f942a447aae455729e7,0,0.71787286
c420ad26a6424e224c711824401c2406,0,0.5802541
c44ffe3e31611296a25cee97e53b9d6c,0,0.121300645
c53dc6351548b0593d182c494b0a85f8,0,0.13822906
c5acd7967ffdc2446da127f429ea059e,0,0.40878513
c5cfca68c83986f1f548d69bbf6a2e52,0,0.2636121
c605620a83c147ca6516af03c70c52d1,0,0.15943182
c6797cb9a52d7fcfa1bb0bbb5b5b5651,0,0.37956038
c68b81d4271f3c5ae17fe55b2bb067b3,0,0.45208535
c6dfe498607cdc43e19406a1d32ef919,0,0.44179183
c6fcb451802f79920192a329c274c893,0,0.72594863
c70c309465d06bb118c88bcee64b4787,0,0.7345812
c75af53ff77eb5a37b34e350754d2bb8,0,0.5004562
c798316158a5f7354904f44f088b4e3b,0,0.2254956
c8be102fcd2a0cfdb9a3d2a26cad45f7,0,0.05952876
c8e21bdf77a1cf6ee994e5600adafd86,0,0.23766278
c941fe885e3026c1c6af4b73eea14e2b,0,0.18919966
c9976d4c61a2c70ff6f9116d0dee0b80,0,0.64413464
c9e12367fbe01f2bcef0016764367e06,0,0.7107478
c9e65a6b61fed91f0da7d9a44df75bdb,0,0.21025212
ca202c21ab7269618d038ee9ecbc8456,0,0.13860258
ca4b8bf91f708113a62d00b1cdcbefe2,0,0.5491018
ca6d5390a1ac99d9eb3ae0d62bec3509,0,0.30129787
ca8aeff4b603f687c21bf6764d557f41,0,0.9640008
cac6b69b7fd9a0dfb731d22436ef3d0e,0,0.12129298
cb2e0817eccbaf5e9a27dac32050843a,0,0.99071795
cbc8ad9fd25c13a4e82aa798c7ce1b57,0,0.75655603
cbe7f1ee395c0018719e2d234ee2d183,0,0.8966666
cc0f0e69ab9a7dec22fcc5dda2a37e23,0,0.26558295
cca4393980e525cf7e052e4473d47074,0,0.0033434583
cce2784988e35787e964b8a48f0dca52,0,0.89225066
cd1d5b18566bdbb284d784bdde5744b0,0,0.023930734
cd94dea8d9bb2fe0b7974822c647cef2,0,0.36805952
d027084e7a6f112eea53edb6e96f4f5b,0,0.9678536
d02aa4b7270f25d0f4413a2299648b1f,0,0.65017366
d057caa3a605d07b95acda8f9c56f5ec,0,0.32185984
d12dd77a7c7f692b354312d88910445a,0,0.1985611
d1498f0c60ac114b302a7090a269f89a,0,0.95706993
d2098ab4a12e71b7265305580db4145d,0,0.253184
d28bedeeeb9d6d6773a8c965481163fa,0,0.38202527
d29d8f57cad284ff433ca4d6a93e6c28,0,0.63213974
d2aba2e26bb9ece9381a8d2572dccc63,0,0.7221519
d2d59696a8d774beb110f18377965260,0,0.8507423
d3daf4329c6c071853abf44e0896cc42,0,0.9763253
d4dd94cb87c93bdc922a8d34e215f89d,0,0.031872116
d537e3544dc0ec1cfa5818326d3d7edc,0,0.013698913
d58d159b2ff2e8a8126adaa406b845e1,0,0.12725396
d5bff6e13e4d00c7301404df709f4d36,0,0.52704024
d6ae7721bbc260db492d08974d832679,0,0.792338
d6d0454c917039cbdfe15707d874dbe8,0,0.98654014
d78977f41ba412d70670d01f9fc95b72,0,0.4107012
d7a56b2486b7cd0e03599c10a1361515,0,0.9716176
d7ffb43ec87640d25155d047b0fb0777,0,0.63476706
d850824b80f81ffc0a080d0dc60f8505,0,0.9774925
d8a439a820e0c01236d150b0f0229acb,0,0.016312161
d8c3316066e1fa332443ecdb5454176b,0,0.49024558
d92b0057b83d362b33c7e4cae8b67191,0,0.2241518
d95fef256cbdc977b9cfe11e2f06b96b,0,0.045112476
d97201ec57faacde21923d26014e802b,0,0.023615975
d9be385e21c616fe2228bf53fb32e415,0,0.64544725
d9f29544cd3928b20fe9707d2f919918,0,0.96949357
da5bee69ef772c481b9590fb367d1b3b,0,0.40589762
dac871c347bb022b017d6b29a85b8987,0,0.8908068
dadf92d52036bc7bfb1b802379e1cdb0,0,0.053693093
db44056aae190234a80c34388cce9888,0,0.86625993
db9851149b37fa2440fc4418294eae58,0,0.97584766
dc9eb487bf5e669201f1273932fc6152,0,0.96564806
ddec7abe598e486e048549c5f18cca45,0,0.22033955
df1b4a19e0fd488f71a722a4328c95a8,0,0.60597503
df3c959c6ca886d0dc209a067153b538,0,0.013558252
df4c8722c3e9757c44d7355c62930e67,0,0.64466494
dfaab4164bb7093a387c6b4f820b13db,0,0.17143029
e0049d0e3833b2978f0c5d14534cf29d,0,0.97656333
e172b49753dcbeaf2a4a492a11ff2c36,0,0.09741916
e19f4e3c891be251bc3d3213b39579b7,0,0.8930365
e240871e218ae175f6263801378dcca1,0,0.862901
e28246264d735aa44ecf3894c6219c10,0,0.69240516
e29c7f97e1185142f7b1bc9b045459bb,0,0.27489102
e2af593dd37ad9efb0b2ee69ae28181d,0,0.8460112
e306fd094a0991bfae3566801e077473,0,0.023821132
e30cee39b49cc8f7239beef189c15436,0,0.055114236
e35ece8adb5e6ac116f2c501578ab5a4,0,0.95067155
e3f89b6433f20b3597d42193df4d3ce4,0,0.87704265
e40c188b48edac69c1e7f215ca3421a7,0,0.7055742
e433c67b4ced88af165f5322aa67b211,0,0.85650027
e468ef9cdd2893ecb602e9605b06bdde,0,0.05934574
e4763d78028ccb1883a3f756bef9ffba,0,0.05790429
e4c3a3e6d76b76749e550c34a98d357d,0,0.34795234
e5072cfc598c54d466969032ca54d63f,0,0.4317215
e53a67cc9a3c311c533553eabfa86aca,0,0.27656284
e54db5fb66dc4449f7b6c32136221814,0,0.46184444
e6137b87472d1c11e0fb9ca81a055ead,0,0.884336
e615e91ce8b3c0665dbe9cf2b8dd4ea1,0,0.2363433
e61d3041a1e6e49e77b361f5599333aa,0,0.44292182
e65e021b3375a0d3fe97bf5a5b8f3ff2,0,0.25501364
e66feee7bb428ae191c6dfe9f185bb6e,0,0.30811602
e6867af4e54bf413196fb511f2721f1e,0,0.6668322
e6c0ba3d40d21da5a3223a1f7aa87e9e,0,0.21662623
e72d4c0e60ed7ddf479980d710a39bc1,0,0.63355184
e75349ca247696be5f4a283d449baabe,0,0.33346835
e7952326d7fd1e359d33bccf918a73f0,0,0.45710608
e7bce046813a4f86e1400ba36e0eea1b,0,0.7398214
e87c2a82466fac99b0019bd66f7b99ed,0,0.38823488
e89f8505edcc1828967b118a4a128497,0,0.88678384
e9101ffb7166383387c605feb71f63d7,0,0.11923414
e94d1278ae4e76c8c1b9e024a7ed83d6,0,0.15121838
e976202a67414f630a5322b46ede575d,0,0.09109758
ea344de37e46e4c8bd11acbdacbf7fa9,0,0.3647916
ea48c2db9f4299e810a34b1dd72fa383,0,0.19980425
eabc726be712ca8e46567c86f30ce7f5,0,0.6116136
eb50362e936b5f125411a174223ce580,0,0.9809427
eb6764f86b7400539073d984c61d0975,0,0.11042356
ebba62a79916fbaf0ae73efa3228feb4,0,0.039777845
ec29de5a5b21cfe3eb5586cdf4760774,0,0.8808714
ec506e3afeb57bf29e8a0c20bbc07468,0,0.53560984
ec99b14fbb3fa2943209cc2824f693b0,0,0.18429296
ecfb8a63a01fbcc9a60307b0dd0775bd,0,0.15216345
ed2d34a5168b60badec71d561ae4c430,0,0.8976055
ed2d5456bba8340dd75c37463b0a34a2,0,0.1103553
ed5de1c54eb575d027cfdce48fa15d2d,0,0.98886347
ed7f8fdb0f4054710a2836e7005edcaf,0,0.03152192
ed8b0ac27ca257f61ef7c96d43f8ea4f,0,0.4097286
ee18d5d52340b9913fa423c32011722a,0,0.9929229
ee251b0c0950181c7ee2ebeffaa88411,0,0.012191462
ee2c116a6ef1d413ca62641f3e62e4da,0,0.70945376
ee699a500ea8e7a58ca70f926a35ebfe,0,0.45875847
eedc5ec53f7eebb1f326a03bb2e03a4d,0,0.76527524
eee19ffe2cbb8d4fd52d204b2571b660,0,0.61013234
ef8df0b0e054edf55015de8956e96883,0,0.6308642
ef8e6a57c7a4fd1526908ec4fcd97260,0,0.67039204
efa612c98335533cecb0ad7bf32e44d2,0,0.9767418
f032a6d61a0850fd4c91da4b48927184,0,0.77174693
f0453931a6cff016b3242475cf328adc,0,0.94702655
f094789fb0b0a2dee28ca876210f992e,0,0.29515162
f11d7a67d566a5a94d8643023a4dc60e,0,0.106321186
f13f0e52bf6148bb8bd24662a6078ff6,0,0.10360406
f16f0e8dc610bf419eb32c31269e33ec,0,0.7095548
f1cf3366be8f5dce018e3e137eb2a1c4,0,0.56567335
f1da7a2a14221d68baf6637e4996452e,0,0.0663616
f26bf77be9bfa843607f64d6a6bd2418,0,0.7510096
f2709d57270be45499b16a09d9af8951,0,0.014963452
f2b5ed79293b0c8ef1c9abc34863cb87,0,0.058044836
f2cf63568a152c400cf2f6431c77a2c7,0,0.04665444
f3cf1d69cb216709532100f5f635bffe,0,0.91550446
f3e3641d80d5fe5302a3f4419b7e26b6,0,0.07355889
f412529c2d44859e8c1cfa9857ebc8a5,0,0.21851572
f420b6cc52d7140a708968c0da37cd44,0,0.011911255
f43bf95922f8ae0078cf4fda3296e7d9,0,0.16809152
f49804405d6e5aa0e6aeda05effb7de1,0,0.37133136
f49b5cb001574af87e558e8e9889627f,0,0.056266684
f4afb59528cebc70c36d6675d7295e2c,0,0.99292505
f519737e443b35f93ed83aa7a1e2bd7b,0,0.006617872
f56fc3660ebb76b9632d41cf23738184,0,0.066433586
f5723acd3730292af8841cbb6ec30b72,0,0.03614427
f643ac6e0c9c01de568baa281e405748,0,0.60782135
f68e6e413fd4c2cce17ce6ccc21a936c,0,0.52192426
f69b1494831a1742ea26af97990ef36c,0,0.65274024
f734e8466648d91596cf11381a72e523,0,0.7977799
f735999ba35f5d6c04bd54bbb80dbac7,0,0.031491444
f84e0738fa2718e5c1e03de6590448a6,0,0.2045365
f876be13f00417fda4892a53d0d1ac70,0,0.5955727
f87cb155d9500782129b6753f94a0e46,0,0.97874725
f887db4af526b78eee5a1a7ff07609aa,0,0.79762554
f88a27513bccc68b4f6ee98ace8e8213,0,0.4319053
f8927cdee651135bcb99b712b43349ad,0,0.008166203
f8e17cb4c31f22ce031510b8568c2a75,0,0.69173807
f8e8f3a7005397829b13145d2653a8b9,0,0.49423483
f92fe058716fb74f2b0e8f1aef26c7d3,0,0.13244338
f98937fdc9f2351a8d3c1acb38234702,0,0.37416396
fa49f003ebb66fc31fa8e2b9fe208437,0,0.121770106
fa646b310bbc3837afff4ea1862ea0ec,0,0.52085465
fa87f4c5656bb0ab57eacd210366f071,0,0.8113208
fb08aab11372fb79a8fdb7ba1209da43,0,0.13128912
fb0e5a172ad766c9b27fb8d27769701d,0,0.040962674
fb3081e7f534f8fefe74af3420e215fe,0,0.0050432
fb3689cb5cc793c0839a01d43467bbc0,0,0.3460095
fb54a60e0ceffd09e33df74fff6920c9,0,0.12143882
fbcf06a239a52329d297ff7e4571a448,0,0.94356436
fbe036c4deea50ac36feeb4985d9c079,0,0.01640461
fc0c7c937f139bd6d1c5b5d0a0023dd3,0,0.010858871
fc8de34c5f40f0fc9af2728937a4dac9,0,0.3994166
fc9c65495fdefaedc4a30f4aed842419,0,0.38952094
fd69f6a3feb052176755303cfb30654b,0,0.88780344
fd7f076618df1d17dfa384b5457b10bd,0,0.16041505
fdc9946769b1a64d5320364c1a34ca9a,0,0.98144263
fe084e295034c4bd6ae4498af6882bb5,0,0.59618026
fe9c3e9c58a97ba6c2922237bfc2a7c6,0,0.40656272
fee8ac01c79388b623134d61d49c8900,0,0.5971564
ff3fe45f7240273e9e22dbffbdf8fd48,0,0.9946997
ffb2ae2399e91e4e0c1e10304d6d4d0b,0,0.56418836
